{
  "singleString0" : "1",
  "stringVector" : [
    [
      "11",
      "12",
      "13"
    ],
    [
      "21",
      "22",
      "23"
    ],
    [
      "31",
      "32",
      "33"
    ]
  ],
  "singleStringVector2" : [
    "31",
    "32",
    "33"
  ],
  "singleRealVector0" : [
    1.1000000238418579,
    1.2000000476837158,
    1.2999999523162842
  ],
  "real" : [
    1,
    2,
    3
  ],
  "singleString1" : "2",
  "string" : [
    "1",
    "2",
    "3"
  ],
  "singleReal0" : 1,
  "stereoSample" : [
    {
      "right" : 1.2000000476837158,
      "left" : 1.1000000238418579
    },
    {
      "right" : 2.2000000476837158,
      "left" : 2.0999999046325684
    }
  ],
  "singleString2" : "3",
  "singleReal1" : 2,
  "singleReal2" : 3,
  "singleStringVector0" : [
    "11",
    "12",
    "13"
  ],
  "singleRealVector2" : [
    3.0999999046325684,
    3.2000000476837158,
    3.2999999523162842
  ],
  "singleStringVector1" : [
    "21",
    "22",
    "23"
  ],
  "realMatrix" : [
    [
      [
        11.100000381469727,
        11.199999809265137,
        11.300000190734863
      ],
      [
        12.100000381469727,
        12.199999809265137,
        12.300000190734863
      ]
    ],
    [
      [
        21.100000381469727,
        21.200000762939453,
        21.299999237060547
      ],
      [
        22.100000381469727,
        22.200000762939453,
        22.299999237060547
      ]
    ],
    [
      [
        31.100000381469727,
        31.200000762939453,
        31.299999237060547
      ],
      [
        32.099998474121094,
        32.200000762939453,
        32.299999237060547
      ]
    ]
  ],
  "realVector" : [
    [
      1.1000000238418579,
      1.2000000476837158,
      1.2999999523162842
    ],
    [
      2.0999999046325684,
      2.2000000476837158,
      2.2999999523162842
    ],
    [
      3.0999999046325684,
      3.2000000476837158,
      3.2999999523162842
    ]
  ],
  "singleRealVector1" : [
    2.0999999046325684,
    2.2000000476837158,
    2.2999999523162842
  ]
}